{"cameraMode":{"drawMode":0,"name":"Shaded","section":"Shading Mode"},"sceneLighting":false,"audioPlay":false,"sceneViewState":{"m_AlwaysRefresh":false,"showFog":true,"showSkybox":false,"showFlares":true,"showImageEffects":true,"showParticleSystems":true,"showVisualEffectGraphs":true,"m_FxEnabled":true},"in2DMode":false,"pivot":{"x":-0.6692162752151489,"y":28.975242614746095,"z":-13.034360885620118},"rotation":{"x":-0.5297609567642212,"y":-0.004591251723468304,"z":0.002850278979167342,"w":-0.848164975643158},"size":18.38682746887207,"orthographic":false}