{"count":1,"self":4.405326,"total":14.935731599999999,"children":{"InitializeActuators":{"count":1,"self":0.0019126,"total":0.0019126,"children":null},"InitializeSensors":{"count":1,"self":0.0020020999999999997,"total":0.0020020999999999997,"children":null},"AgentSendState":{"count":5301,"self":0.0135219,"total":0.0975969,"children":{"CollectObservations":{"count":1061,"self":0.0080062,"total":0.0080062,"children":null},"WriteActionMask":{"count":1061,"self":0,"total":0,"children":null},"RequestDecision":{"count":1061,"self":0.0050046,"total":0.076068799999999992,"children":{"AgentInfo.ToProto":{"count":1061,"self":0.0090064999999999989,"total":0.0710642,"children":{"GenerateSensorData":{"count":1061,"self":0.0130128,"total":0.0620577,"children":{"RayPerceptionSensor.Perceive":{"count":1061,"self":0.049044899999999995,"total":0.049044899999999995,"children":null}}}}}}}}},"DecideAction":{"count":5301,"self":10.290739199999999,"total":10.290739499999999,"children":null},"AgentAct":{"count":5301,"self":0.13715349999999998,"total":0.13715349999999998,"children":null}},"gauges":{},"metadata":{"timer_format_version":"0.1.0","start_time_seconds":"1618160061","unity_version":"2020.3.1f1","command_line_arguments":"C:\\Program Files\\Unity\\Hub\\Editor\\2020.3.1f1\\Editor\\Unity.exe -projectpath C:\/Users\/wolff\/Test -useHub -hubIPC -cloudEnvironment production -hubSessionId d9609010-9ae3-11eb-939b-e117266b5e8a -accessToken Zi5Q51O2hLN7-YMMBb69vwmlNkQHDFTYm3OKNqkvjWM008f","communication_protocol_version":"1.5.0","com.unity.ml-agents_version":"1.9.0-preview","scene_name":"PythonTrainingEnv","end_time_seconds":"1618160076"}}