{"count":1,"self":308.8641024,"total":574.1759829,"children":{"InitializeActuators":{"count":9,"self":0.002002,"total":0.002002,"children":null},"InitializeSensors":{"count":9,"self":0.0020017999999999998,"total":0.0020017999999999998,"children":null},"AgentSendState":{"count":79896,"self":0.86098749999999991,"total":10.126541699999999,"children":{"CollectObservations":{"count":143820,"self":0.6884194,"total":0.6884194,"children":null},"WriteActionMask":{"count":143820,"self":0.12711319999999998,"total":0.12711319999999998,"children":null},"RequestDecision":{"count":143820,"self":0.4054216,"total":8.4500216,"children":{"AgentInfo.ToProto":{"count":143820,"self":0.3595488,"total":8.0445999999999991,"children":{"GenerateSensorData":{"count":143820,"self":0.9649607,"total":7.6850511999999993,"children":{"RayPerceptionSensor.Perceive":{"count":143820,"self":6.7200904,"total":6.7200904999999995,"children":null}}}}}}}}},"DecideAction":{"count":79896,"self":242.17881599999998,"total":242.178825,"children":null},"AgentAct":{"count":79896,"self":12.937433599999999,"total":13.0015003,"children":{"AgentInfo.ToProto":{"count":670,"self":0.0010018,"total":0.0640671,"children":{"GenerateSensorData":{"count":670,"self":0.0030020999999999997,"total":0.063065299999999991,"children":{"RayPerceptionSensor.Perceive":{"count":670,"self":0.0600632,"total":0.0600632,"children":null}}}}}}}},"gauges":{"PoliceCar.CumulativeReward":{"count":670,"max":328.6151,"min":-2074.15259,"runningAverage":175.398575,"value":263.047546,"weightedAverage":235.793655}},"metadata":{"timer_format_version":"0.1.0","start_time_seconds":"1618651312","unity_version":"2020.3.1f1","command_line_arguments":"C:\\Program Files\\Unity\\Hub\\Editor\\2020.3.1f1\\Editor\\Unity.exe -projectpath C:\/Users\/wolff\/Test -useHub -hubIPC -cloudEnvironment production -hubSessionId 097755d0-9f5e-11eb-aa75-7b4d7afdf968 -accessToken Ms8BqRK3Tb-w6irSxYgtJ14DCzc89fZq1422WeKRP4k008f","communication_protocol_version":"1.5.0","com.unity.ml-agents_version":"1.9.0-preview","scene_name":"TrainingEnvironment","end_time_seconds":"1618651886"}}